PRIMARY_ID,BioSample,BioProject,SRA_ID
SRX26348347,SAMN03283347,PRJNA200694,SRA1989932
SRX26348346,SAMN03283347,PRJNA200694,SRA1989932
SRX23904609,SAMN03283347,PRJNA731524,SRA1822549
SRX23904608,SAMN03283347,PRJNA731524,SRA1822549
SRX23904607,SAMN03283347,PRJNA731524,SRA1822549
SRX23904606,SAMN03283347,PRJNA731524,SRA1822549
SRX23904605,SAMN03283347,PRJNA731524,SRA1822549
SRX23904604,SAMN03283347,PRJNA731524,SRA1822549
SRX23904603,SAMN03283347,PRJNA731524,SRA1822549
SRX23904602,SAMN03283347,PRJNA731524,SRA1822549
SRX23904601,SAMN03283347,PRJNA731524,SRA1822549
SRX23904600,SAMN03283347,PRJNA731524,SRA1822549
SRX23904599,SAMN03283347,PRJNA731524,SRA1822549
SRX23904598,SAMN03283347,PRJNA731524,SRA1822549
SRX23904597,SAMN03283347,PRJNA731524,SRA1822549
SRX23904596,SAMN03283347,PRJNA731524,SRA1822549
SRX23904595,SAMN03283347,PRJNA731524,SRA1822549
SRX23331879,SAMN03283347,PRJNA1066887,SRA1788658
SRX22242218,SAMN03283347,PRJNA200694,SRA1740104
SRX22108663,SAMN03283347,PRJNA1028149,SRA1733057
SRX20457621,SAMN03283347,PRJNA200694,SRA1641567
SRX20457620,SAMN03283347,PRJNA200694,SRA1641567
SRX20440458,SAMN03283347,PRJNA200694,SRA1640925
SRX20440457,SAMN03283347,PRJNA200694,SRA1640925
SRX20248994,SAMN03283347,PRJNA731524,SRA1633793
SRX20248993,SAMN03283347,PRJNA731524,SRA1633793
SRX20248992,SAMN03283347,PRJNA731524,SRA1633793
SRX20248965,SAMN03283347,PRJNA731524,SRA1633781
SRX19356954,SAMN03283347,PRJNA930475,SRA1589672
SRX19312602,SAMN03255769,PRJNA932454,SRA1586760
SRX19306105,SAMN03255769,PRJNA932454,SRA1586756
SRX15404846,SAMN03283347,PRJNA527278,SRA1424076
SRX15092400,SAMN03283347,PRJNA832505,SRA1412945
SRX15092399,SAMN03283347,PRJNA832505,SRA1412945
SRX15092398,SAMN03283347,PRJNA832505,SRA1412945
SRX10073619,SAMN03283347,PRJNA731524,SRA1194583
SRX14498317,SAMN03283347,PRJNA731524,SRA1386480
SRX14498316,SAMN03283347,PRJNA731524,SRA1386480
SRX14498315,SAMN03283347,PRJNA731524,SRA1386480
SRX14498314,SAMN03283347,PRJNA731524,SRA1386480
SRX14498313,SAMN03283347,PRJNA731524,SRA1386480
SRX14498312,SAMN03283347,PRJNA731524,SRA1386480
SRX14498311,SAMN03283347,PRJNA731524,SRA1386480
SRX14498310,SAMN03283347,PRJNA731524,SRA1386480
SRX14498309,SAMN03283347,PRJNA731524,SRA1386480
SRX14498308,SAMN03283347,PRJNA731524,SRA1386480
SRX14498307,SAMN03283347,PRJNA731524,SRA1386480
SRX14498306,SAMN03283347,PRJNA731524,SRA1386480
SRX14498305,SAMN03283347,PRJNA731524,SRA1386480
SRX14498304,SAMN03283347,PRJNA731524,SRA1386480
SRX14498303,SAMN03283347,PRJNA731524,SRA1386480
SRX14498302,SAMN03283347,PRJNA731524,SRA1386480
SRX14498301,SAMN03283347,PRJNA731524,SRA1386480
SRX14498300,SAMN03283347,PRJNA731524,SRA1386480
SRX14498299,SAMN03283347,PRJNA731524,SRA1386480
SRX14498298,SAMN03283347,PRJNA731524,SRA1386480
SRX14498297,SAMN03283347,PRJNA731524,SRA1386480
SRX14498296,SAMN03283347,PRJNA731524,SRA1386480
SRX14498295,SAMN03283347,PRJNA731524,SRA1386480
SRX14495331,SAMN03283347,PRJNA731524,SRA1386878
SRX14493538,SAMN03283347,PRJNA731524,SRA1386876
SRX14493537,SAMN03283347,PRJNA731524,SRA1386876
SRX14491041,SAMN03283347,PRJNA731524,SRA1386483
SRX14491040,SAMN03283347,PRJNA731524,SRA1386483
SRX14387788,SAMN03283347,PRJNA813010,SRA1381449
SRX14387787,SAMN03283347,PRJNA813010,SRA1381449
SRX14386327,SAMN03283347,PRJNA813010,SRA1381397
SRX14386326,SAMN03283347,PRJNA813010,SRA1381397
SRX14380450,SAMN03283347,PRJNA813010,SRA1381276
SRX14380449,SAMN03283347,PRJNA813010,SRA1381276
SRX14380448,SAMN03283347,PRJNA813010,SRA1381276
SRX14380447,SAMN03283347,PRJNA813010,SRA1381276
SRX14226557,SAMN03283347,PRJNA200694,SRA1374736
SRX14137970,SAMN03283347,PRJNA752795,SRA1369840
SRX14137770,SAMN03255769,PRJNA559484,SRA1369843
SRX14137769,SAMN03255769,PRJNA559484,SRA1369843
SRX14137768,SAMN03255769,PRJNA559484,SRA1369843
SRX14137767,SAMN03255769,PRJNA559484,SRA1369843
SRX14137766,SAMN03255769,PRJNA559484,SRA1369843
SRX14137765,SAMN03255769,PRJNA559484,SRA1369843
SRX13462277,SAMN03283347,PRJNA788182,SRA1341943
SRX13462276,SAMN03283347,PRJNA788182,SRA1341943
SRX13462275,SAMN03283347,PRJNA788182,SRA1341943
SRX13462274,SAMN03283347,PRJNA788182,SRA1341943
SRX13462273,SAMN03283347,PRJNA788182,SRA1341943
SRX13462272,SAMN03283347,PRJNA788182,SRA1341943
SRX12200334,SAMN03283347,PRJNA200694,SRA1295201
SRX11698074,SAMN03283347,PRJNA752795,SRA1273067
SRX11698073,SAMN03283347,PRJNA752795,SRA1273067
SRX11698072,SAMN03283347,PRJNA752795,SRA1273067
SRX11698071,SAMN03283347,PRJNA752795,SRA1273067
SRX11698070,SAMN03283347,PRJNA752795,SRA1273067
SRX11698069,SAMN03255769,PRJNA559484,SRA1273065
SRX11698068,SAMN03255769,PRJNA559484,SRA1273065
SRX11698067,SAMN03255769,PRJNA559484,SRA1273065
SRX11698066,SAMN03255769,PRJNA559484,SRA1273065
SRX11698065,SAMN03255769,PRJNA559484,SRA1273065
SRX11698064,SAMN03255769,PRJNA559484,SRA1273065
SRX11698063,SAMN03255769,PRJNA559484,SRA1273065
SRX11364664,SAMN03255769,PRJNA559484,SRA1255332
SRX11364663,SAMN03255769,PRJNA559484,SRA1255332
SRX11346957,SAMN03255769,PRJNA559484,SRA1254311
SRX11346956,SAMN03255769,PRJNA559484,SRA1254311
SRX11346955,SAMN03255769,PRJNA559484,SRA1254311
SRX11346954,SAMN03255769,PRJNA559484,SRA1254311
SRX9363417,SAMN03283347,PRJNA200694,SRA1100085
SRX9363406,SAMN03283347,PRJNA200694,SRA1100085
SRX9363395,SAMN03283347,PRJNA200694,SRA1100085
SRX9363384,SAMN03283347,PRJNA200694,SRA1100085
SRX9363374,SAMN03283347,PRJNA200694,SRA1100085
SRX9363373,SAMN03283347,PRJNA200694,SRA1100085
SRX9363372,SAMN03283347,PRJNA200694,SRA1100085
SRX9363371,SAMN03283347,PRJNA200694,SRA1100085
SRX9363370,SAMN03283347,PRJNA200694,SRA1100085
SRX9363369,SAMN03283347,PRJNA200694,SRA1100085
SRX9363368,SAMN03283347,PRJNA200694,SRA1100085
SRX9363367,SAMN03283347,PRJNA200694,SRA1100085
SRX9363366,SAMN03283347,PRJNA200694,SRA1100085
SRX9363365,SAMN03283347,PRJNA200694,SRA1100085
SRX9363364,SAMN03283347,PRJNA200694,SRA1100085
SRX9363363,SAMN03283347,PRJNA200694,SRA1100085
SRX9363362,SAMN03283347,PRJNA200694,SRA1100085
SRX9363361,SAMN03283347,PRJNA200694,SRA1100085
SRX9363360,SAMN03283347,PRJNA200694,SRA1100085
SRX9363359,SAMN03283347,PRJNA200694,SRA1100085
SRX9363358,SAMN03283347,PRJNA200694,SRA1100085
SRX9363357,SAMN03283347,PRJNA200694,SRA1100085
SRX9363356,SAMN03283347,PRJNA200694,SRA1100085
SRX9363355,SAMN03283347,PRJNA200694,SRA1100085
SRX9363354,SAMN03283347,PRJNA200694,SRA1100085
SRX9363353,SAMN03283347,PRJNA200694,SRA1100085
SRX9363352,SAMN03283347,PRJNA200694,SRA1100085
SRX9363351,SAMN03283347,PRJNA200694,SRA1100085
SRX9363350,SAMN03283347,PRJNA200694,SRA1100085
SRX9363349,SAMN03283347,PRJNA200694,SRA1100085
SRX9363348,SAMN03283347,PRJNA200694,SRA1100085
SRX9363347,SAMN03283347,PRJNA200694,SRA1100085
SRX9363346,SAMN03283347,PRJNA200694,SRA1100085
SRX9363345,SAMN03283347,PRJNA200694,SRA1100085
SRX9363344,SAMN03283347,PRJNA200694,SRA1100085
SRX9363343,SAMN03283347,PRJNA200694,SRA1100085
SRX9363342,SAMN03283347,PRJNA200694,SRA1100085
SRX9363341,SAMN03283347,PRJNA200694,SRA1100085
SRX9363340,SAMN03283347,PRJNA200694,SRA1100085
SRX9363339,SAMN03283347,PRJNA200694,SRA1100085
SRX9363338,SAMN03283347,PRJNA200694,SRA1100085
SRX9363337,SAMN03283347,PRJNA200694,SRA1100085
SRX9363336,SAMN03283347,PRJNA200694,SRA1100085
SRX9363335,SAMN03283347,PRJNA200694,SRA1100085
SRX9363334,SAMN03283347,PRJNA200694,SRA1100085
SRX9363333,SAMN03283347,PRJNA200694,SRA1100085
SRX9363332,SAMN03283347,PRJNA200694,SRA1100085
SRX9363331,SAMN03283347,PRJNA200694,SRA1100085
SRX9363330,SAMN03283347,PRJNA200694,SRA1100085
SRX9363329,SAMN03283347,PRJNA200694,SRA1100085
SRX9363328,SAMN03283347,PRJNA200694,SRA1100085
SRX10377957,SAMN03255769,PRJNA559484,SRA1207903
SRX10377956,SAMN03255769,PRJNA559484,SRA1207903
SRX10230903,SAMN03255769,PRJNA559484,SRA1202554
SRX10230902,SAMN03255769,PRJNA559484,SRA1202554
SRX10230901,SAMN03255769,PRJNA559484,SRA1202554
SRX10230900,SAMN03255769,PRJNA559484,SRA1202554
SRX9708461,SAMN03255769,PRJNA559484,SRA1171944
SRX9708460,SAMN03255769,PRJNA559484,SRA1171944
SRX9708459,SAMN03255769,PRJNA559484,SRA1171944
SRX9708458,SAMN03255769,PRJNA559484,SRA1171944
SRX9101328,SAMN03255769,PRJNA559484,SRA1123283
SRX9101327,SAMN03255769,PRJNA559484,SRA1123283
SRX9101326,SAMN03255769,PRJNA559484,SRA1123283
SRX9101325,SAMN03255769,PRJNA559484,SRA1123283
SRX9101324,SAMN03255769,PRJNA559484,SRA1123283
SRX9101323,SAMN03255769,PRJNA559484,SRA1123283
SRX9101322,SAMN03255769,PRJNA559484,SRA1123283
SRX9101321,SAMN03255769,PRJNA559484,SRA1123283
SRX9101320,SAMN03255769,PRJNA559484,SRA1123283
SRX9101319,SAMN03255769,PRJNA559484,SRA1123283
SRX9101318,SAMN03255769,PRJNA559484,SRA1123283
SRX9101317,SAMN03255769,PRJNA559484,SRA1123283
SRX9101316,SAMN03255769,PRJNA559484,SRA1123283
SRX9101315,SAMN03255769,PRJNA559484,SRA1123283
SRX9101314,SAMN03255769,PRJNA559484,SRA1123283
SRX9101313,SAMN03255769,PRJNA559484,SRA1123283
SRX9101312,SAMN03255769,PRJNA559484,SRA1123283
SRX9101311,SAMN03255769,PRJNA559484,SRA1123283
SRX9101310,SAMN03255769,PRJNA559484,SRA1123283
SRX9101309,SAMN03255769,PRJNA559484,SRA1123283
SRX9101308,SAMN03255769,PRJNA559484,SRA1123283
SRX9101307,SAMN03255769,PRJNA559484,SRA1123283
SRX9101306,SAMN03255769,PRJNA559484,SRA1123283
SRX9101305,SAMN03255769,PRJNA559484,SRA1123283
SRX9101304,SAMN03255769,PRJNA559484,SRA1123283
SRX9101303,SAMN03255769,PRJNA559484,SRA1123283
SRX9101302,SAMN03255769,PRJNA559484,SRA1123283
SRX9101301,SAMN03255769,PRJNA559484,SRA1123283
SRX9101300,SAMN03255769,PRJNA559484,SRA1123283
SRX9101299,SAMN03255769,PRJNA559484,SRA1123283
SRX9101298,SAMN03255769,PRJNA559484,SRA1123283
SRX9101297,SAMN03255769,PRJNA559484,SRA1123283
SRX9101296,SAMN03255769,PRJNA559484,SRA1123283
SRX9101295,SAMN03255769,PRJNA559484,SRA1123283
SRX9101294,SAMN03255769,PRJNA559484,SRA1123283
SRX9101293,SAMN03255769,PRJNA559484,SRA1123283
SRX9101292,SAMN03255769,PRJNA559484,SRA1123283
SRX9101291,SAMN03255769,PRJNA559484,SRA1123283
SRX9101290,SAMN03255769,PRJNA559484,SRA1123283
SRX9101289,SAMN03255769,PRJNA559484,SRA1123283
SRX9101288,SAMN03255769,PRJNA559484,SRA1123283
SRX9101287,SAMN03255769,PRJNA559484,SRA1123283
SRX9101286,SAMN03255769,PRJNA559484,SRA1123283
SRX9101285,SAMN03255769,PRJNA559484,SRA1123283
SRX9101284,SAMN03255769,PRJNA559484,SRA1123283
SRX9101283,SAMN03255769,PRJNA559484,SRA1123283
SRX9101282,SAMN03255769,PRJNA559484,SRA1123283
SRX9101281,SAMN03255769,PRJNA559484,SRA1123283
SRX9101280,SAMN03255769,PRJNA559484,SRA1123283
SRX9101279,SAMN03255769,PRJNA559484,SRA1123283
SRX9101278,SAMN03255769,PRJNA559484,SRA1123283
SRX9101277,SAMN03255769,PRJNA559484,SRA1123283
SRX9101276,SAMN03255769,PRJNA559484,SRA1123283
SRX9101275,SAMN03255769,PRJNA559484,SRA1123283
SRX9101274,SAMN03255769,PRJNA559484,SRA1123283
SRX9101273,SAMN03255769,PRJNA559484,SRA1123283
SRX9101272,SAMN03255769,PRJNA559484,SRA1123283
SRX9101271,SAMN03255769,PRJNA559484,SRA1123283
SRX9101270,SAMN03255769,PRJNA559484,SRA1123283
SRX9101269,SAMN03255769,PRJNA559484,SRA1123283
SRX9101268,SAMN03255769,PRJNA559484,SRA1123283
SRX9101267,SAMN03255769,PRJNA559484,SRA1123283
SRX9101266,SAMN03255769,PRJNA559484,SRA1123283
SRX9101265,SAMN03255769,PRJNA559484,SRA1123283
SRX9101264,SAMN03255769,PRJNA559484,SRA1123283
SRX9101263,SAMN03255769,PRJNA559484,SRA1123283
SRX9101262,SAMN03255769,PRJNA559484,SRA1123283
SRX9101261,SAMN03255769,PRJNA559484,SRA1123283
SRX9101260,SAMN03255769,PRJNA559484,SRA1123283
SRX9101259,SAMN03255769,PRJNA559484,SRA1123283
SRX9101258,SAMN03255769,PRJNA559484,SRA1123283
SRX9101257,SAMN03255769,PRJNA559484,SRA1123283
SRX9101256,SAMN03255769,PRJNA559484,SRA1123283
SRX9101255,SAMN03255769,PRJNA559484,SRA1123283
SRX9101254,SAMN03255769,PRJNA559484,SRA1123283
SRX9101253,SAMN03255769,PRJNA559484,SRA1123283
SRX9101252,SAMN03255769,PRJNA559484,SRA1123283
SRX9101251,SAMN03255769,PRJNA559484,SRA1123283
SRX9101250,SAMN03255769,PRJNA559484,SRA1123283
SRX9101249,SAMN03255769,PRJNA559484,SRA1123283
SRX9101248,SAMN03255769,PRJNA559484,SRA1123283
SRX9101247,SAMN03255769,PRJNA559484,SRA1123283
SRX9101246,SAMN03255769,PRJNA559484,SRA1123283
SRX9101245,SAMN03255769,PRJNA559484,SRA1123283
SRX9101244,SAMN03255769,PRJNA559484,SRA1123283
SRX9101243,SAMN03255769,PRJNA559484,SRA1123283
SRX9101242,SAMN03255769,PRJNA559484,SRA1123283
SRX9101241,SAMN03255769,PRJNA559484,SRA1123283
SRX9101240,SAMN03255769,PRJNA559484,SRA1123283
SRX9101239,SAMN03255769,PRJNA559484,SRA1123283
SRX9101238,SAMN03255769,PRJNA559484,SRA1123283
SRX9101237,SAMN03255769,PRJNA559484,SRA1123283
SRX9101236,SAMN03255769,PRJNA559484,SRA1123283
SRX9101235,SAMN03255769,PRJNA559484,SRA1123283
SRX9101234,SAMN03255769,PRJNA559484,SRA1123283
SRX9101233,SAMN03255769,PRJNA559484,SRA1123283
SRX9101232,SAMN03255769,PRJNA559484,SRA1123283
SRX9101231,SAMN03255769,PRJNA559484,SRA1123283
SRX9101230,SAMN03255769,PRJNA559484,SRA1123283
SRX9101229,SAMN03255769,PRJNA559484,SRA1123283
SRX9101228,SAMN03255769,PRJNA559484,SRA1123283
SRX9101227,SAMN03255769,PRJNA559484,SRA1123283
SRX9052776,SAMN03255769,PRJNA559484,SRA1119788
SRX9052775,SAMN03255769,PRJNA559484,SRA1119788
SRX9052774,SAMN03255769,PRJNA559484,SRA1119788
SRX9052773,SAMN03255769,PRJNA559484,SRA1119788
SRX9052772,SAMN03255769,PRJNA559484,SRA1119788
SRX9052771,SAMN03255769,PRJNA559484,SRA1119788
SRX9052770,SAMN03255769,PRJNA559484,SRA1119788
SRX9052769,SAMN03255769,PRJNA559484,SRA1119788
SRX9052768,SAMN03255769,PRJNA559484,SRA1119788
SRX9052767,SAMN03255769,PRJNA559484,SRA1119788
SRX9052766,SAMN03255769,PRJNA559484,SRA1119788
SRX9052765,SAMN03255769,PRJNA559484,SRA1119788
SRX9052764,SAMN03255769,PRJNA559484,SRA1119788
SRX9052763,SAMN03255769,PRJNA559484,SRA1119788
SRX9052762,SAMN03255769,PRJNA559484,SRA1119788
SRX9052761,SAMN03255769,PRJNA559484,SRA1119788
SRX9052760,SAMN03255769,PRJNA559484,SRA1119788
SRX9052759,SAMN03255769,PRJNA559484,SRA1119788
SRX9052758,SAMN03255769,PRJNA559484,SRA1119788
SRX9052757,SAMN03255769,PRJNA559484,SRA1119788
SRX9052756,SAMN03255769,PRJNA559484,SRA1119788
SRX9052755,SAMN03255769,PRJNA559484,SRA1119788
SRX9052754,SAMN03255769,PRJNA559484,SRA1119788
SRX9052753,SAMN03255769,PRJNA559484,SRA1119788
SRX9009501,SAMN03255769,PRJNA559484,SRA1117477
SRX9009500,SAMN03255769,PRJNA559484,SRA1117477
SRX8948933,SAMN03283347,PRJNA657245,SRA1112881
SRX8948932,SAMN03283347,PRJNA657245,SRA1112881
SRX8108655,SAMN03283347,PRJNA200694,SRA1064908
SRX8108654,SAMN03283347,PRJNA200694,SRA1064908
SRX7925517,SAMN03283347,PRJNA200694,SRA1055858
SRX7897688,SAMN03255769,PRJNA530776,SRA1054029
SRX7897687,SAMN03255769,PRJNA530776,SRA1054029
SRX7897686,SAMN03255769,PRJNA530776,SRA1054029
SRX7897685,SAMN03255769,PRJNA530776,SRA1054029
SRX7093438,SAMN03255769,PRJNA269593,SRA989552
SRX7083059,SAMN03283347,PRJNA586863,SRA988244
SRX7083058,SAMN03283347,PRJNA586863,SRA988244
SRX7083057,SAMN03283347,PRJNA586863,SRA988244
SRX7083056,SAMN03283347,PRJNA586863,SRA988244
SRX7083055,SAMN03283347,PRJNA586863,SRA988244
SRX7083054,SAMN03283347,PRJNA586863,SRA988244
SRX6719924,SAMN03283347,PRJNA558394,SRA941048
SRX6719923,SAMN03283347,PRJNA558394,SRA941048
SRX6719922,SAMN03283347,PRJNA558394,SRA941048
SRX6719921,SAMN03283347,PRJNA558394,SRA941048
SRX6719920,SAMN03283347,PRJNA558394,SRA941048
SRX6719919,SAMN03283347,PRJNA558394,SRA941048
SRX6719918,SAMN03283347,PRJNA558394,SRA941048
SRX6719917,SAMN03283347,PRJNA558394,SRA941048
SRX6719916,SAMN03283347,PRJNA558394,SRA941048
SRX6908798,SAMN03283347,PRJNA573706,SRA968442
SRX6908797,SAMN03283347,PRJNA573706,SRA968442
SRX6908796,SAMN03283347,PRJNA573706,SRA968442
SRX6770750,SAMN03255769,PRJNA559484,SRA951771
SRX6770749,SAMN03255769,PRJNA559484,SRA951771
SRX6770748,SAMN03255769,PRJNA559484,SRA951771
SRX6770747,SAMN03255769,PRJNA559484,SRA951771
SRX6770746,SAMN03255769,PRJNA559484,SRA951771
SRX6770745,SAMN03255769,PRJNA559484,SRA951771
SRX6770744,SAMN03255769,PRJNA559484,SRA951771
SRX6770743,SAMN03255769,PRJNA559484,SRA951771
SRX6770742,SAMN03255769,PRJNA559484,SRA951771
SRX6770741,SAMN03255769,PRJNA559484,SRA951771
SRX6770740,SAMN03255769,PRJNA559484,SRA951771
SRX6770739,SAMN03255769,PRJNA559484,SRA951771
SRX6770738,SAMN03255769,PRJNA559484,SRA951771
SRX6770737,SAMN03255769,PRJNA559484,SRA951771
SRX6770736,SAMN03255769,PRJNA559484,SRA951771
SRX6770735,SAMN03255769,PRJNA559484,SRA951771
SRX6770734,SAMN03255769,PRJNA559484,SRA951771
SRX6770733,SAMN03255769,PRJNA559484,SRA951771
SRX6770732,SAMN03255769,PRJNA559484,SRA951771
SRX6770731,SAMN03255769,PRJNA559484,SRA951771
SRX6770730,SAMN03255769,PRJNA559484,SRA951771
SRX6770729,SAMN03255769,PRJNA559484,SRA951771
SRX6770728,SAMN03255769,PRJNA559484,SRA951771
SRX6770727,SAMN03255769,PRJNA559484,SRA951771
SRX6770726,SAMN03255769,PRJNA559484,SRA951771
SRX6770725,SAMN03255769,PRJNA559484,SRA951771
SRX6770724,SAMN03255769,PRJNA559484,SRA951771
SRX6770723,SAMN03255769,PRJNA559484,SRA951771
SRX6770722,SAMN03255769,PRJNA559484,SRA951771
SRX6770721,SAMN03255769,PRJNA559484,SRA951771
SRX6770720,SAMN03255769,PRJNA559484,SRA951771
SRX6770719,SAMN03255769,PRJNA559484,SRA951771
SRX6770718,SAMN03255769,PRJNA559484,SRA951771
SRX6770717,SAMN03255769,PRJNA559484,SRA951771
SRX6770716,SAMN03255769,PRJNA559484,SRA951771
SRX6770715,SAMN03255769,PRJNA559484,SRA951771
SRX6770714,SAMN03255769,PRJNA559484,SRA951771
SRX6770713,SAMN03255769,PRJNA559484,SRA951771
SRX6770712,SAMN03255769,PRJNA559484,SRA951771
SRX6770711,SAMN03255769,PRJNA559484,SRA951771
SRX6770710,SAMN03255769,PRJNA559484,SRA951771
SRX6770709,SAMN03255769,PRJNA559484,SRA951771
SRX6770708,SAMN03255769,PRJNA559484,SRA951771
SRX6770707,SAMN03255769,PRJNA559484,SRA951771
SRX6770706,SAMN03255769,PRJNA559484,SRA951771
SRX6770705,SAMN03255769,PRJNA559484,SRA951771
SRX6770704,SAMN03255769,PRJNA559484,SRA951771
SRX6770703,SAMN03255769,PRJNA559484,SRA951771
SRX6770702,SAMN03255769,PRJNA559484,SRA951771
SRX6770701,SAMN03255769,PRJNA559484,SRA951771
SRX6770700,SAMN03255769,PRJNA559484,SRA951771
SRX6770699,SAMN03255769,PRJNA559484,SRA951771
SRX6770698,SAMN03255769,PRJNA559484,SRA951771
SRX6770697,SAMN03255769,PRJNA559484,SRA951771
SRX6770696,SAMN03255769,PRJNA559484,SRA951771
SRX6770695,SAMN03255769,PRJNA559484,SRA951771
SRX6770694,SAMN03255769,PRJNA559484,SRA951771
SRX6770693,SAMN03255769,PRJNA559484,SRA951771
SRX6770692,SAMN03255769,PRJNA559484,SRA951771
SRX6770691,SAMN03255769,PRJNA559484,SRA951771
SRX6770690,SAMN03255769,PRJNA559484,SRA951771
SRX6770689,SAMN03255769,PRJNA559484,SRA951771
SRX6770688,SAMN03255769,PRJNA559484,SRA951771
SRX6770687,SAMN03255769,PRJNA559484,SRA951771
SRX6770686,SAMN03255769,PRJNA559484,SRA951771
SRX6770685,SAMN03255769,PRJNA559484,SRA951771
SRX6770684,SAMN03255769,PRJNA559484,SRA951771
SRX6770683,SAMN03255769,PRJNA559484,SRA951771
SRX6770682,SAMN03255769,PRJNA559484,SRA951771
SRX6770681,SAMN03255769,PRJNA559484,SRA951771
SRX6770680,SAMN03255769,PRJNA559484,SRA951771
SRX6770679,SAMN03255769,PRJNA559484,SRA951771
SRX6770678,SAMN03255769,PRJNA559484,SRA951771
SRX6770677,SAMN03255769,PRJNA559484,SRA951771
SRX6770676,SAMN03255769,PRJNA559484,SRA951771
SRX6770675,SAMN03255769,PRJNA559484,SRA951771
SRX6770674,SAMN03255769,PRJNA559484,SRA951771
SRX6770673,SAMN03255769,PRJNA559484,SRA951771
SRX6770672,SAMN03255769,PRJNA559484,SRA951771
SRX6770671,SAMN03255769,PRJNA559484,SRA951771
SRX6770670,SAMN03255769,PRJNA559484,SRA951771
SRX6770669,SAMN03255769,PRJNA559484,SRA951771
SRX6770668,SAMN03255769,PRJNA559484,SRA951771
SRX6770667,SAMN03255769,PRJNA559484,SRA951771
SRX6770666,SAMN03255769,PRJNA559484,SRA951771
SRX6770665,SAMN03255769,PRJNA559484,SRA951771
SRX6770664,SAMN03255769,PRJNA559484,SRA951771
SRX6770663,SAMN03255769,PRJNA559484,SRA951771
SRX6770662,SAMN03255769,PRJNA559484,SRA951771
SRX6770661,SAMN03255769,PRJNA559484,SRA951771
SRX6770660,SAMN03255769,PRJNA559484,SRA951771
SRX6770659,SAMN03255769,PRJNA559484,SRA951771
SRX6770658,SAMN03255769,PRJNA559484,SRA951771
SRX6770657,SAMN03255769,PRJNA559484,SRA951771
SRX6770656,SAMN03255769,PRJNA559484,SRA951771
SRX6770655,SAMN03255769,PRJNA559484,SRA951771
SRX6770654,SAMN03255769,PRJNA559484,SRA951771
SRX6770653,SAMN03255769,PRJNA559484,SRA951771
SRX6770570,SAMN03255769,PRJNA559484,SRA951891
SRX6770569,SAMN03255769,PRJNA559484,SRA951891
SRX6770568,SAMN03255769,PRJNA559484,SRA951891
SRX6770567,SAMN03255769,PRJNA559484,SRA951891
SRX5633451,SAMN03255769,PRJNA530776,SRA869377
SRX5527202,SAMN03283347,PRJNA527278,SRA860576
SRX5648942,SAMN03283347,PRJNA200694,SRA870222
SRX5590586,SAMN03283347,PRJNA529700,SRA867489
SRX5327410,SAMN03283347,PRJNA520771,SRA843226
SRX2693535,SAMN03255769,PRJNA335618,SRA550677
SRX2693534,SAMN03255769,PRJNA335618,SRA550677
SRX2693533,SAMN03255769,PRJNA335618,SRA550677
SRX2693532,SAMN03255769,PRJNA335618,SRA550677
SRX2693531,SAMN03255769,PRJNA335618,SRA550677
SRX2693530,SAMN03255769,PRJNA335618,SRA550677
SRX2693529,SAMN03255769,PRJNA335618,SRA550677
SRX2693528,SAMN03255769,PRJNA335618,SRA550677
SRX2693527,SAMN03255769,PRJNA335618,SRA550677
SRX2693526,SAMN03255769,PRJNA335618,SRA550677
SRX2693525,SAMN03255769,PRJNA335618,SRA550677
SRX2693524,SAMN03255769,PRJNA335618,SRA550677
SRX2693523,SAMN03255769,PRJNA335618,SRA550677
SRX2693522,SAMN03255769,PRJNA335618,SRA550677
SRX2693521,SAMN03255769,PRJNA335618,SRA550677
SRX2693520,SAMN03255769,PRJNA335618,SRA550677
SRX2693519,SAMN03255769,PRJNA335618,SRA550677
SRX2693518,SAMN03255769,PRJNA335618,SRA550677
SRX2693517,SAMN03255769,PRJNA335618,SRA550677
SRX2693516,SAMN03255769,PRJNA335618,SRA550677
SRX2693515,SAMN03255769,PRJNA335618,SRA550677
SRX2693514,SAMN03255769,PRJNA335618,SRA550677
SRX2693513,SAMN03255769,PRJNA335618,SRA550677
SRX2693512,SAMN03255769,PRJNA335618,SRA550677
SRX2693511,SAMN03255769,PRJNA335618,SRA550677
SRX2693510,SAMN03255769,PRJNA335618,SRA550677
SRX2693509,SAMN03255769,PRJNA335618,SRA550677
SRX2693508,SAMN03255769,PRJNA335618,SRA550677
SRX2693507,SAMN03255769,PRJNA335618,SRA550677
SRX2693506,SAMN03255769,PRJNA335618,SRA550677
SRX2693505,SAMN03255769,PRJNA335618,SRA550677
SRX2693504,SAMN03255769,PRJNA335618,SRA550677
SRX2693503,SAMN03255769,PRJNA335618,SRA550677
SRX2693502,SAMN03255769,PRJNA335618,SRA550677
SRX2693501,SAMN03255769,PRJNA335618,SRA550677
SRX2693500,SAMN03255769,PRJNA335618,SRA550677
SRX2693499,SAMN03255769,PRJNA335618,SRA550677
SRX2693498,SAMN03255769,PRJNA335618,SRA550677
SRX2693497,SAMN03255769,PRJNA335618,SRA550677
SRX2693496,SAMN03255769,PRJNA335618,SRA550677
SRX2693495,SAMN03255769,PRJNA335618,SRA550677
SRX2693494,SAMN03255769,PRJNA335618,SRA550677
SRX2693493,SAMN03255769,PRJNA335618,SRA550677
SRX2693492,SAMN03255769,PRJNA335618,SRA550677
SRX2693491,SAMN03255769,PRJNA335618,SRA550677
SRX2693490,SAMN03255769,PRJNA335618,SRA550677
SRX2693489,SAMN03255769,PRJNA335618,SRA550677
SRX2693488,SAMN03255769,PRJNA335618,SRA550677
SRX2693487,SAMN03255769,PRJNA335618,SRA550677
SRX2693486,SAMN03255769,PRJNA335618,SRA550677
SRX2693485,SAMN03255769,PRJNA335618,SRA550677
SRX2693484,SAMN03255769,PRJNA335618,SRA550677
SRX2693483,SAMN03255769,PRJNA335618,SRA550677
SRX2693482,SAMN03255769,PRJNA335618,SRA550677
SRX2693481,SAMN03255769,PRJNA335618,SRA550677
SRX2693480,SAMN03255769,PRJNA335618,SRA550677
SRX2693479,SAMN03255769,PRJNA335618,SRA550677
SRX2693478,SAMN03255769,PRJNA335618,SRA550677
SRX2693477,SAMN03255769,PRJNA335618,SRA550677
SRX2693476,SAMN03255769,PRJNA335618,SRA550677
SRX2693475,SAMN03255769,PRJNA335618,SRA550677
SRX2693474,SAMN03255769,PRJNA335618,SRA550677
SRX2693473,SAMN03255769,PRJNA335618,SRA550677
SRX2693472,SAMN03255769,PRJNA335618,SRA550677
SRX2693471,SAMN03255769,PRJNA335618,SRA550677
SRX2693470,SAMN03255769,PRJNA335618,SRA550677
SRX2693469,SAMN03255769,PRJNA335618,SRA550677
SRX2693468,SAMN03255769,PRJNA335618,SRA550677
SRX2693467,SAMN03255769,PRJNA335618,SRA550677
SRX2693466,SAMN03255769,PRJNA335618,SRA550677
SRX2693465,SAMN03255769,PRJNA335618,SRA550677
SRX2693464,SAMN03255769,PRJNA335618,SRA550677
SRX2693463,SAMN03255769,PRJNA335618,SRA550677
SRX2693462,SAMN03255769,PRJNA335618,SRA550677
SRX2693461,SAMN03255769,PRJNA335618,SRA550677
SRX2693460,SAMN03255769,PRJNA335618,SRA550677
SRX2693459,SAMN03255769,PRJNA335618,SRA550677
SRX2693458,SAMN03255769,PRJNA335618,SRA550677
SRX2693457,SAMN03255769,PRJNA335618,SRA550677
SRX2693456,SAMN03255769,PRJNA335618,SRA550677
SRX2693455,SAMN03255769,PRJNA335618,SRA550677
SRX2693454,SAMN03255769,PRJNA335618,SRA550677
SRX2693453,SAMN03255769,PRJNA335618,SRA550677
SRX2693452,SAMN03255769,PRJNA335618,SRA550677
SRX2693451,SAMN03255769,PRJNA335618,SRA550677
SRX2693450,SAMN03255769,PRJNA335618,SRA550677
SRX2693449,SAMN03255769,PRJNA335618,SRA550677
SRX2693448,SAMN03255769,PRJNA335618,SRA550677
SRX2693447,SAMN03255769,PRJNA335618,SRA550677
SRX2693446,SAMN03255769,PRJNA335618,SRA550677
SRX2693445,SAMN03255769,PRJNA335618,SRA550677
SRX2693444,SAMN03255769,PRJNA335618,SRA550677
SRX2693443,SAMN03255769,PRJNA335618,SRA550677
SRX2693442,SAMN03255769,PRJNA335618,SRA550677
SRX2693441,SAMN03255769,PRJNA335618,SRA550677
SRX2693440,SAMN03255769,PRJNA335618,SRA550677
SRX2693439,SAMN03255769,PRJNA335618,SRA550677
SRX2693438,SAMN03255769,PRJNA335618,SRA550677
SRX2693437,SAMN03255769,PRJNA335618,SRA550677
SRX2693436,SAMN03255769,PRJNA335618,SRA550677
SRX2693435,SAMN03255769,PRJNA335618,SRA550677
SRX2693434,SAMN03255769,PRJNA335618,SRA550677
SRX2693433,SAMN03255769,PRJNA335618,SRA550677
SRX2693432,SAMN03255769,PRJNA335618,SRA550677
SRX2693431,SAMN03255769,PRJNA335618,SRA550677
SRX2693430,SAMN03255769,PRJNA335618,SRA550677
SRX2693429,SAMN03255769,PRJNA335618,SRA550677
SRX2693428,SAMN03255769,PRJNA335618,SRA550677
SRX2693427,SAMN03255769,PRJNA335618,SRA550677
SRX2010823,SAMN03255769,PRJNA269593,SRA450995
SRX2010809,SAMN03255769,PRJNA269593,SRA450992
SRX2010180,SAMN03255769,PRJNA269593,SRA450491
SRX2010003,SAMN03255769,PRJNA269593,SRA450455
SRX1989009,SAMN03255769,PRJNA335618,SRA445978
SRX1726870,SAMN03283347,PRJNA200694,SRA420339
SRX1726869,SAMN03283347,PRJNA200694,SRA420339
SRX1726868,SAMN03283347,PRJNA200694,SRA420339
SRX1726867,SAMN03283347,PRJNA200694,SRA420339
SRX1726866,SAMN03283347,PRJNA200694,SRA420339
SRX1726865,SAMN03283347,PRJNA200694,SRA420339
SRX1726864,SAMN03283347,PRJNA200694,SRA420339
SRX1726863,SAMN03283347,PRJNA200694,SRA420339
SRX1726862,SAMN03283347,PRJNA200694,SRA420339
SRX1726861,SAMN03283347,PRJNA200694,SRA420339
SRX1726860,SAMN03283347,PRJNA200694,SRA420339
SRX1726859,SAMN03283347,PRJNA200694,SRA420339
SRX1726858,SAMN03283347,PRJNA200694,SRA420339
SRX1726857,SAMN03283347,PRJNA200694,SRA420339
SRX1726856,SAMN03283347,PRJNA200694,SRA420339
SRX1726855,SAMN03283347,PRJNA200694,SRA420339
SRX1726854,SAMN03283347,PRJNA200694,SRA420339
SRX1726853,SAMN03283347,PRJNA200694,SRA420339
SRX1726852,SAMN03283347,PRJNA200694,SRA420339
SRX1726851,SAMN03283347,PRJNA200694,SRA420339
SRX1726850,SAMN03283347,PRJNA200694,SRA420339
SRX1726849,SAMN03283347,PRJNA200694,SRA420339
SRX1726848,SAMN03283347,PRJNA200694,SRA420339
SRX1726847,SAMN03283347,PRJNA200694,SRA420339
SRX1726846,SAMN03283347,PRJNA200694,SRA420339
SRX1726845,SAMN03283347,PRJNA200694,SRA420339
SRX1726844,SAMN03283347,PRJNA200694,SRA420339
SRX1726843,SAMN03283347,PRJNA200694,SRA420339
SRX1726842,SAMN03283347,PRJNA200694,SRA420339
SRX1726841,SAMN03283347,PRJNA200694,SRA420339
SRX1726840,SAMN03283347,PRJNA200694,SRA420339
SRX1726839,SAMN03283347,PRJNA200694,SRA420339
SRX1726838,SAMN03283347,PRJNA200694,SRA420339
SRX1726837,SAMN03283347,PRJNA200694,SRA420339
ERX1413367,SAMN03255769,PRJEB13208,ERA596286
SRX1497273,SAMN03283347,PRJNA200694,SRA321265
SRX1393882,SAMN03283347,PRJNA200694,SRA307796
SRX1392294,SAMN03283347,PRJNA200694,SRA307653
SRX1388733,SAMN03283347,PRJNA200694,SRA307500
SRX1388732,SAMN03283347,PRJNA200694,SRA307500
SRX1082031,SAMN03255769,PRJNA269593,SRA219090
SRX1033794,SAMN03283347,PRJNA200694,SRA268962
SRX1033793,SAMN03283347,PRJNA200694,SRA268962
SRX1009644,SAMN03255769,PRJNA269593,SRA219090
SRX1009642,SAMN03255769,PRJNA269593,SRA219090
SRX1009641,SAMN03255769,PRJNA269593,SRA219090
SRX1009640,SAMN03255769,PRJNA269593,SRA219090
SRX1009638,SAMN03255769,PRJNA269593,SRA219090
SRX847094,SAMN03283347,PRJNA200694,SRA229924
SRX852933,SAMN03283347,PRJNA200694,SRA229887
SRX848005,SAMN03283347,PRJNA200694,SRA229887
SRX848004,SAMN03283347,PRJNA200694,SRA229887
SRX848003,SAMN03283347,PRJNA200694,SRA229887
SRX848002,SAMN03283347,PRJNA200694,SRA229887
SRX848001,SAMN03283347,PRJNA200694,SRA229887
SRX848000,SAMN03283347,PRJNA200694,SRA229887
SRX847999,SAMN03283347,PRJNA200694,SRA229887
SRX847998,SAMN03283347,PRJNA200694,SRA229887
SRX847997,SAMN03283347,PRJNA200694,SRA229887
SRX847996,SAMN03283347,PRJNA200694,SRA229887
SRX847995,SAMN03283347,PRJNA200694,SRA229887
SRX847994,SAMN03283347,PRJNA200694,SRA229887
SRX847993,SAMN03283347,PRJNA200694,SRA229887
SRX847992,SAMN03283347,PRJNA200694,SRA229887
SRX847991,SAMN03283347,PRJNA200694,SRA229887
SRX847990,SAMN03283347,PRJNA200694,SRA229887
SRX847989,SAMN03283347,PRJNA200694,SRA229887
SRX847988,SAMN03283347,PRJNA200694,SRA229887
SRX847987,SAMN03283347,PRJNA200694,SRA229887
SRX847986,SAMN03283347,PRJNA200694,SRA229887
SRX847985,SAMN03283347,PRJNA200694,SRA229887
SRX847984,SAMN03283347,PRJNA200694,SRA229887
SRX847983,SAMN03283347,PRJNA200694,SRA229887
SRX847982,SAMN03283347,PRJNA200694,SRA229887
SRX847981,SAMN03283347,PRJNA200694,SRA229887
SRX847980,SAMN03283347,PRJNA200694,SRA229887
SRX847979,SAMN03283347,PRJNA200694,SRA229887
SRX847978,SAMN03283347,PRJNA200694,SRA229887
SRX847977,SAMN03283347,PRJNA200694,SRA229887
SRX847976,SAMN03283347,PRJNA200694,SRA229887
SRX847975,SAMN03283347,PRJNA200694,SRA229887
SRX847974,SAMN03283347,PRJNA200694,SRA229887
SRX847973,SAMN03283347,PRJNA200694,SRA229887
SRX847972,SAMN03283347,PRJNA200694,SRA229887
SRX847971,SAMN03283347,PRJNA200694,SRA229887
SRX847970,SAMN03283347,PRJNA200694,SRA229887
SRX847969,SAMN03283347,PRJNA200694,SRA229887
SRX847968,SAMN03283347,PRJNA200694,SRA229887
SRX847967,SAMN03283347,PRJNA200694,SRA229887
SRX847966,SAMN03283347,PRJNA200694,SRA229887
SRX847965,SAMN03283347,PRJNA200694,SRA229887
SRX847964,SAMN03283347,PRJNA200694,SRA229887
SRX847963,SAMN03283347,PRJNA200694,SRA229887
SRX847962,SAMN03283347,PRJNA200694,SRA229887
SRX847961,SAMN03283347,PRJNA200694,SRA229887
SRX847960,SAMN03283347,PRJNA200694,SRA229887
SRX847959,SAMN03283347,PRJNA200694,SRA229887
SRX847958,SAMN03283347,PRJNA200694,SRA229887
SRX847957,SAMN03283347,PRJNA200694,SRA229887
SRX847956,SAMN03283347,PRJNA200694,SRA229887
SRX847955,SAMN03283347,PRJNA200694,SRA229887
SRX847954,SAMN03283347,PRJNA200694,SRA229887
SRX847953,SAMN03283347,PRJNA200694,SRA229887
SRX847952,SAMN03283347,PRJNA200694,SRA229887
SRX847951,SAMN03283347,PRJNA200694,SRA229887
SRX847950,SAMN03283347,PRJNA200694,SRA229887
SRX847949,SAMN03283347,PRJNA200694,SRA229887
SRX847948,SAMN03283347,PRJNA200694,SRA229887
SRX847947,SAMN03283347,PRJNA200694,SRA229887
SRX847946,SAMN03283347,PRJNA200694,SRA229887
SRX847945,SAMN03283347,PRJNA200694,SRA229887
SRX847944,SAMN03283347,PRJNA200694,SRA229887
SRX847943,SAMN03283347,PRJNA200694,SRA229887
SRX847942,SAMN03283347,PRJNA200694,SRA229887
SRX847941,SAMN03283347,PRJNA200694,SRA229887
SRX847940,SAMN03283347,PRJNA200694,SRA229887
SRX847939,SAMN03283347,PRJNA200694,SRA229887
SRX847938,SAMN03283347,PRJNA200694,SRA229887
SRX847937,SAMN03283347,PRJNA200694,SRA229887
SRX847936,SAMN03283347,PRJNA200694,SRA229887
SRX847935,SAMN03283347,PRJNA200694,SRA229887
SRX847934,SAMN03283347,PRJNA200694,SRA229887
SRX847933,SAMN03283347,PRJNA200694,SRA229887
SRX847932,SAMN03283347,PRJNA200694,SRA229887
SRX847931,SAMN03283347,PRJNA200694,SRA229887
SRX847930,SAMN03283347,PRJNA200694,SRA229887
SRX847929,SAMN03283347,PRJNA200694,SRA229887
SRX847928,SAMN03283347,PRJNA200694,SRA229887
SRX847927,SAMN03283347,PRJNA200694,SRA229887
SRX847926,SAMN03283347,PRJNA200694,SRA229887
SRX847925,SAMN03283347,PRJNA200694,SRA229887
SRX847924,SAMN03283347,PRJNA200694,SRA229887
SRX847923,SAMN03283347,PRJNA200694,SRA229887
SRX847922,SAMN03283347,PRJNA200694,SRA229887
SRX847921,SAMN03283347,PRJNA200694,SRA229887
SRX847920,SAMN03283347,PRJNA200694,SRA229887
SRX847919,SAMN03283347,PRJNA200694,SRA229887
SRX847918,SAMN03283347,PRJNA200694,SRA229887
SRX847917,SAMN03283347,PRJNA200694,SRA229887
SRX847916,SAMN03283347,PRJNA200694,SRA229887
SRX847915,SAMN03283347,PRJNA200694,SRA229887
SRX847914,SAMN03283347,PRJNA200694,SRA229887
SRX847913,SAMN03283347,PRJNA200694,SRA229887
SRX847912,SAMN03283347,PRJNA200694,SRA229887
SRX847911,SAMN03283347,PRJNA200694,SRA229887
SRX847910,SAMN03283347,PRJNA200694,SRA229887
SRX847909,SAMN03283347,PRJNA200694,SRA229887
SRX847908,SAMN03283347,PRJNA200694,SRA229887
SRX847907,SAMN03283347,PRJNA200694,SRA229887
SRX847906,SAMN03283347,PRJNA200694,SRA229887
SRX847905,SAMN03283347,PRJNA200694,SRA229887
SRX847904,SAMN03283347,PRJNA200694,SRA229887
SRX847903,SAMN03283347,PRJNA200694,SRA229887
SRX847902,SAMN03283347,PRJNA200694,SRA229887
SRX847901,SAMN03283347,PRJNA200694,SRA229887
SRX847900,SAMN03283347,PRJNA200694,SRA229887
SRX847899,SAMN03283347,PRJNA200694,SRA229887
SRX847898,SAMN03283347,PRJNA200694,SRA229887
SRX847897,SAMN03283347,PRJNA200694,SRA229887
SRX847896,SAMN03283347,PRJNA200694,SRA229887
SRX847895,SAMN03283347,PRJNA200694,SRA229887
SRX847894,SAMN03283347,PRJNA200694,SRA229887
SRX847893,SAMN03283347,PRJNA200694,SRA229887
SRX847892,SAMN03283347,PRJNA200694,SRA229887
SRX847891,SAMN03283347,PRJNA200694,SRA229887
SRX847890,SAMN03283347,PRJNA200694,SRA229887
SRX847889,SAMN03283347,PRJNA200694,SRA229887
SRX847888,SAMN03283347,PRJNA200694,SRA229887
SRX847887,SAMN03283347,PRJNA200694,SRA229887
SRX847886,SAMN03283347,PRJNA200694,SRA229887
SRX847885,SAMN03283347,PRJNA200694,SRA229887
SRX847884,SAMN03283347,PRJNA200694,SRA229887
SRX847883,SAMN03283347,PRJNA200694,SRA229887
SRX847882,SAMN03283347,PRJNA200694,SRA229887
SRX847881,SAMN03283347,PRJNA200694,SRA229887
SRX847880,SAMN03283347,PRJNA200694,SRA229887
SRX847879,SAMN03283347,PRJNA200694,SRA229887
SRX847878,SAMN03283347,PRJNA200694,SRA229887
SRX847877,SAMN03283347,PRJNA200694,SRA229887
SRX847876,SAMN03283347,PRJNA200694,SRA229887
SRX847875,SAMN03283347,PRJNA200694,SRA229887
SRX847874,SAMN03283347,PRJNA200694,SRA229887
SRX847873,SAMN03283347,PRJNA200694,SRA229887
SRX847872,SAMN03283347,PRJNA200694,SRA229887
SRX847871,SAMN03283347,PRJNA200694,SRA229887
SRX847870,SAMN03283347,PRJNA200694,SRA229887
SRX847869,SAMN03283347,PRJNA200694,SRA229887
SRX847868,SAMN03283347,PRJNA200694,SRA229887
SRX847867,SAMN03283347,PRJNA200694,SRA229887
SRX847866,SAMN03283347,PRJNA200694,SRA229887
SRX847865,SAMN03283347,PRJNA200694,SRA229887
SRX847864,SAMN03283347,PRJNA200694,SRA229887
SRX847863,SAMN03283347,PRJNA200694,SRA229887
SRX847862,SAMN03283347,PRJNA200694,SRA229887
SRX825579,SAMN03255769,PRJNA269593,SRA219090
SRX825578,SAMN03255769,PRJNA269593,SRA219090
SRX825577,SAMN03255769,PRJNA269593,SRA219090
SRX825576,SAMN03255769,PRJNA269593,SRA219090
SRX825575,SAMN03255769,PRJNA269593,SRA219090
SRX825542,SAMN03255769,PRJNA269593,SRA219090
SRX818607,SAMN03255769,PRJNA269593,SRA219090
